example,factor,level,formula_attribution,lightgbm_attribution
Household A,Head of household,1.0,0.0,0.0
Household A,Language barrier,1.0,0.0,0.0
Household A,Specific needs,2.578385269,9.264766204076695,9.112920451414539
Household A,Documentation,1.0,0.0,0.0
Household A,Basic needs,1.0,0.0,0.0
Household A,Housing,1.0,0.0,0.0
Household A,Negative coping,1.790108696,5.463078771239327,5.352116819638468
Household A,Dependency,1.043888889,0.4037050359529081,0.5560094766697148
Household B,Head of household,2.700708215,9.776906438301909,9.73026873159688
Household B,Language barrier,1.0,0.0,0.0
Household B,Specific needs,1.0,0.0,0.0
Household B,Documentation,1.0,0.0,0.0
Household B,Basic needs,1.776038647,6.384319348308761,7.4089040596736595
Household B,Housing,2.117608696,8.325001667367303,8.315921071189223
Household B,Negative coping,1.790108696,6.471523064195298,5.777428747562226
Household B,Dependency,1.0,0.0,0.0
Household C,Head of household,2.070141643,7.842123515416235,10.137024447671138
Household C,Language barrier,1.0,0.0,0.0
Household C,Specific needs,2.578385269,10.188923602278482,11.170585829095216
Household C,Documentation,1.0,0.0,0.0
Household C,Basic needs,1.776038647,7.667610404870773,7.692819111765857
Household C,Housing,2.117608696,9.986810075247831,10.041244487219956
Household C,Negative coping,2.580217391,12.575824511351458,11.23832822132681
Household C,Dependency,2.544987923,12.396233883791442,10.266675108287018
