blank_column,grouping,group,n,count,rate,ci_low,ci_high,small_group
Asylum procedure flag,Month,2023-06,84,39,0.4642857142857143,0.36154228283456186,0.5701528406236281,False
Asylum procedure flag,Month,2023-07,160,78,0.4875,0.4112556929842917,0.564330461894996,False
Asylum procedure flag,Month,2023-08,166,94,0.5662650602409639,0.4902182632474156,0.639314302904327,False
Asylum procedure flag,Month,2023-09,121,55,0.45454545454545453,0.3685882130623515,0.543300032205601,False
Asylum procedure flag,Month,2023-10,138,61,0.4420289855072464,0.36185463905743687,0.525343362619731,False
Asylum procedure flag,Month,2023-11,112,56,0.5,0.4089487135360737,0.5910512864639264,False
Asylum procedure flag,Month,2023-12,101,50,0.49504950495049505,0.3995266805102294,0.5909351080679871,False
Asylum procedure flag,Month,2024-01,172,87,0.5058139534883721,0.4317896129257073,0.5795842690553299,False
Asylum procedure flag,Month,2024-02,175,90,0.5142857142857142,0.44072838264763026,0.5872293405389881,False
Asylum procedure flag,Month,2024-03,134,67,0.5,0.41653043215653485,0.5834695678434652,False
Asylum procedure flag,Month,2024-04,174,87,0.5,0.42651451086798176,0.5734854891320182,False
Asylum procedure flag,Month,2024-05,187,96,0.5133689839572193,0.4421862744799073,0.5840134833237564,False
Asylum procedure flag,Month,2024-06,146,81,0.5547945205479452,0.4738020388836526,0.6329774874632326,False
Asylum procedure flag,Month,2024-07,30,19,0.6333333333333333,0.45513563654794875,0.7812607919389928,False
Asylum procedure flag,UNHCR field office,sotap,1278,587,0.4593114241001565,0.4321522221350913,0.48671449942056744,False
Asylum procedure flag,UNHCR field office,fupal,190,136,0.7157894736842105,0.6478745105557385,0.7751516083090141,False
Asylum procedure flag,UNHCR field office,foten,186,118,0.6344086021505376,0.5631278452661216,0.7002498189733065,False
Asylum procedure flag,UNHCR field office,pcr_cdmx,127,53,0.41732283464566927,0.3352214236149853,0.5042789901737472,False
Asylum procedure flag,UNHCR field office,futij,47,29,0.6170212765957447,0.47426566956413574,0.7420931890357799,False
Asylum procedure flag,UNHCR field office,fomon,36,19,0.5277777777777778,0.370059380229876,0.6801395848482095,False
Asylum procedure flag,UNHCR field office,fusal,15,6,0.4,0.19824496141341572,0.6425316987937539,True
Asylum procedure flag,UNHCR field office,Blank,21,12,0.5714285714285714,0.36546554369306716,0.7553003107462404,True
Asylum procedure flag,Eligibility target,Inclusion,427,220,0.5152224824355972,0.4678956907608247,0.5622778214066992,False
Asylum procedure flag,Eligibility target,Exclusion,1473,740,0.5023761031907671,0.47686956529424485,0.5278702799736349,False
UNHCR field office,Month,2023-06,84,2,0.023809523809523808,0.006553902690167354,0.0827144100856992,False
UNHCR field office,Month,2023-07,160,3,0.01875,0.00639685075325945,0.0536701120993143,False
UNHCR field office,Month,2023-08,166,2,0.012048192771084338,0.0033102913258154093,0.04285899428408123,False
UNHCR field office,Month,2023-09,121,4,0.03305785123966942,0.012929181394125307,0.08192279272211472,False
UNHCR field office,Month,2023-10,138,2,0.014492753623188406,0.003983475402945181,0.051299788643335814,False
UNHCR field office,Month,2023-11,112,0,0.0,0.0,0.033161347066943875,False
UNHCR field office,Month,2023-12,101,2,0.019801980198019802,0.0054473224611470555,0.06934616962584343,False
UNHCR field office,Month,2024-01,172,0,0.0,0.0,0.021846149630794797,False
UNHCR field office,Month,2024-02,175,1,0.005714285714285714,0.001009424936341305,0.03165335280665817,False
UNHCR field office,Month,2024-03,134,0,0.0,0.0,0.027868675023899322,False
UNHCR field office,Month,2024-04,174,3,0.017241379310344827,0.005880660883649736,0.049457722449207556,False
UNHCR field office,Month,2024-05,187,2,0.0106951871657754,0.00293792292031151,0.038150941465605805,False
UNHCR field office,Month,2024-06,146,0,0.0,0.0,0.025636822084673896,False
UNHCR field office,Month,2024-07,30,0,0.0,0.0,0.11351339317396875,False
