final_score,vulnerability_index,recorded_category,category_from_cutpoints,households_with_same_factors,of_which_recorded_high
31.332255164513256,2.903555356,Moderate,High,4,3
32.73585245961061,2.944031657,Moderate,High,5,4
34.61089292935174,2.998104289,Moderate,High,22,21
34.95245940008045,3.007954444,Moderate,High,7,5
34.95245940008045,3.007954444,Moderate,High,7,5
35.19385581620953,3.014915798,Moderate,High,2,0
35.19385581620953,3.014915798,Moderate,High,2,0
36.1216210561717,3.041670568,Moderate,High,3,2
36.9644257743638,3.065975156,Moderate,High,2,0
36.9644257743638,3.065975156,Moderate,High,2,0
