month,Low,Moderate,High,Severe
2023-06,0.38095238095238093,0.2976190476190476,0.23809523809523808,0.08333333333333333
2023-07,0.425,0.18125,0.3375,0.05625
2023-08,0.39759036144578314,0.25903614457831325,0.29518072289156627,0.04819277108433735
2023-09,0.4049586776859504,0.1322314049586777,0.33884297520661155,0.12396694214876033
2023-10,0.41304347826086957,0.17391304347826086,0.32608695652173914,0.08695652173913043
2023-11,0.36607142857142855,0.25,0.3482142857142857,0.03571428571428571
2023-12,0.43564356435643564,0.13861386138613863,0.36633663366336633,0.0594059405940594
2024-01,0.436046511627907,0.21511627906976744,0.313953488372093,0.03488372093023256
2024-02,0.4114285714285714,0.19428571428571428,0.3314285714285714,0.06285714285714286
2024-03,0.41044776119402987,0.23134328358208955,0.3208955223880597,0.03731343283582089
2024-04,0.39080459770114945,0.19540229885057472,0.3448275862068966,0.06896551724137931
2024-05,0.41711229946524064,0.20855614973262032,0.3048128342245989,0.06951871657754011
2024-06,0.3972602739726027,0.2534246575342466,0.3082191780821918,0.0410958904109589
2024-07,0.4,0.1,0.3333333333333333,0.16666666666666666
