group,n,mean,q1,median,q3,small_group,breakdown
2023-06,84,26.996751854978044,13.97825944685391,26.88480316584528,34.77289621466998,False,Month
2023-07,160,27.1101180337333,16.059114361557388,27.18751614401154,35.24252109848496,False,Month
2023-08,166,26.565528485362485,17.288995624260565,27.462401348697373,34.48454082688564,False,Month
2023-09,121,29.730105116467705,15.475340264789162,30.65974840868563,41.09510390983604,False,Month
2023-10,138,28.344723144396145,16.183819330148648,26.09730049148261,38.213567011937016,False,Month
2023-11,112,28.67492185702609,21.18083670503239,27.354066386534196,39.406586342378006,False,Month
2023-12,101,26.634921638565228,14.025563381297731,27.520616629056853,38.5480417762361,False,Month
2024-01,172,26.669893890929014,17.188906119444816,25.785822103971192,35.33914932281379,False,Month
2024-02,175,27.844367527398482,15.187339329135419,26.375838203163497,39.12288125922467,False,Month
2024-03,134,27.249828144386864,16.732915076378543,27.680457182615463,36.41513062237578,False,Month
2024-04,174,28.650206817646463,16.55793423592243,28.70184925716677,39.40090119742659,False,Month
2024-05,187,28.01799335470282,16.55793423592243,25.645651649551347,38.71868920026256,False,Month
2024-06,146,27.515878619884578,16.570166621240805,26.260446790396223,36.42002644378409,False,Month
2024-07,30,31.05544091103157,14.31430899731049,33.18478829753889,43.017958855803705,False,Month
sotap,1278,28.017467182653423,16.55793423592243,27.18751614401154,37.9127004300535,False,UNHCR field office
fupal,190,28.78722299550098,17.240469115573696,28.002848502865827,38.425091082833006,False,UNHCR field office
foten,186,32.68603178396066,25.680694263156308,34.10454221617779,41.06549005402387,False,UNHCR field office
pcr_cdmx,127,19.47783342577947,10.185745552927798,16.55793423592243,24.535822411147485,False,UNHCR field office
futij,47,26.185858622732976,14.86730544704383,25.34612370011462,38.202319688418825,False,UNHCR field office
fomon,36,15.649673805713677,9.270617371131745,17.15569921720041,21.409491134904517,False,UNHCR field office
fusal,15,18.657617336954956,9.671902787745296,16.55793423592243,23.2520100516066,True,UNHCR field office
Blank,21,38.458659324186094,29.85590760924795,37.72654078580627,52.20547205133984,True,UNHCR field office
