breakdown,group,n,count,rate,ci_low,ci_high,small_group
All households,All households,1900,427,0.22473684210526315,0.20653432359708754,0.24405018008951204,False
Vulnerability category,Low,775,162,0.20903225806451614,0.18187454754457574,0.23906023335050527,False
Vulnerability category,Moderate,394,88,0.2233502538071066,0.185008468408633,0.2670345623850684,False
Vulnerability category,High,612,153,0.25,0.2173248316708545,0.285794038263666,False
Vulnerability category,Severe,119,24,0.20168067226890757,0.13944185925838504,0.2825773785330243,False
Month,2023-06,84,3,0.03571428571428571,0.012219669231335377,0.0998169357251345,False
Month,2023-07,160,7,0.04375,0.021351611551534533,0.08754304154246395,False
Month,2023-08,166,48,0.2891566265060241,0.22557532229712413,0.3622756035836954,False
Month,2023-09,121,29,0.2396694214876033,0.17237093576438584,0.32298901440661526,False
Month,2023-10,138,44,0.3188405797101449,0.24689675862030042,0.4005969966208491,False
Month,2023-11,112,41,0.36607142857142855,0.28267617905487297,0.45834918176662987,False
Month,2023-12,101,44,0.43564356435643564,0.34305971916979855,0.5329435323470145,False
Month,2024-01,172,68,0.3953488372093023,0.3253335536686632,0.469936570672666,False
Month,2024-02,175,54,0.30857142857142855,0.24486210574558775,0.38050440355372417,False
Month,2024-03,134,41,0.30597014925373134,0.23425928325966375,0.3884957249585659,False
Month,2024-04,174,20,0.11494252873563218,0.07565100987242951,0.1708688911192543,False
Month,2024-05,187,23,0.12299465240641712,0.08337271929985188,0.1777941106368385,False
Month,2024-06,146,4,0.0273972602739726,0.010704723147473314,0.06832186211064312,False
Month,2024-07,30,1,0.03333333333333333,0.005908590381612441,0.16670390991409173,False
UNHCR field office,sotap,1278,283,0.2214397496087637,0.1995289397936922,0.24502015393350987,False
UNHCR field office,fupal,190,43,0.22631578947368422,0.17258375671163984,0.2908953120452593,False
UNHCR field office,foten,186,48,0.25806451612903225,0.20052355007764894,0.3253966542913805,False
UNHCR field office,pcr_cdmx,127,31,0.2440944881889764,0.17762354634586047,0.3255920201430736,False
UNHCR field office,futij,47,8,0.1702127659574468,0.08886363876490261,0.3013977597262439,False
UNHCR field office,fomon,36,8,0.2222222222222222,0.11716331975796462,0.3808470294611818,False
UNHCR field office,fusal,15,3,0.2,0.07047549346981558,0.4518544871516936,True
UNHCR field office,Blank,21,3,0.14285714285714285,0.04981012499725271,0.3463606028062094,True
