input,Head of household,Language barrier,Specific needs,Documentation,Basic needs,Housing,Negative coping,Dependency,Household size
Head of household,1.0,-0.02368239774393389,0.3016503009028712,-0.008321652746337425,0.04955332836195258,0.04342243203798135,0.12597211711022882,0.2689368105529252,0.126647640056809
Language barrier,-0.02368239774393389,1.0,0.032839459209280684,0.017939975369130202,0.10830079938310297,0.07655332530768741,-0.06343407359718785,-0.10041050856222164,0.04189027887048583
Specific needs,0.3016503009028712,0.032839459209280684,1.0,0.01005878039194848,0.09752714967860567,0.09805750801336899,0.12776351758617518,0.1514708081605303,0.12363486813353616
Documentation,-0.008321652746337425,0.017939975369130202,0.01005878039194848,1.0,-0.07317362944368236,-0.024798386758996,-0.04462833078735425,0.03261111724682429,-0.009628188878981394
Basic needs,0.04955332836195258,0.10830079938310297,0.09752714967860567,-0.07317362944368236,1.0,0.4690712623127587,0.4744117198180961,0.1455879364094905,0.15005867990697805
Housing,0.04342243203798135,0.07655332530768741,0.09805750801336899,-0.024798386758996,0.4690712623127587,1.0,0.3406715792053876,0.07659270126469044,0.1816836532512152
Negative coping,0.12597211711022882,-0.06343407359718785,0.12776351758617518,-0.04462833078735425,0.4744117198180961,0.3406715792053876,1.0,0.3785659294654571,0.18038433391107853
Dependency,0.2689368105529252,-0.10041050856222164,0.1514708081605303,0.03261111724682429,0.1455879364094905,0.07659270126469044,0.3785659294654571,1.0,0.10758033228949294
Household size,0.126647640056809,0.04189027887048583,0.12363486813353616,-0.009628188878981394,0.15005867990697805,0.1816836532512152,0.18038433391107853,0.10758033228949294,1.0
