input,Head of household,Language barrier,Specific needs,Documentation,Basic needs,Housing,Negative coping,Dependency,Household size,Dependency category,Sex of household head,Sole carer,Speaks Spanish,Adult illiteracy,Asylum procedure flag,Intentions flag,Duplicate flag,Month,UNHCR field office
Head of household,1.0,0.08251584783330453,0.2901911159223386,0.0,0.07999953993653498,0.0226911814418103,0.1350913894235776,0.31834400843361926,0.07524668401225557,0.13322504623696443,0.11594253126536926,0.12605153226515842,0.0,0.10984343844972837,0.0,0.03061769693046932,0.0,0.0,0.0312881510756272
Language barrier,0.08251584783330453,1.0,0.025574634842181115,0.0,0.10448131599719128,0.06195541308842644,0.06205567894067124,0.07491538908050925,0.024987144488397943,0.08848481830075106,0.05369762628607398,0.07130385516140603,0.0,0.06984783118566495,0.024727150786149493,0.0,0.0,0.0,0.03067661598710906
Specific needs,0.2901911159223386,0.025574634842181115,1.0,0.0,0.09865126558384038,0.07422785004416753,0.09761496138911988,0.091720276737098,0.07610718970542654,0.13340383415723558,0.11266615076147422,0.1153241342804749,0.036218227244264836,0.1452594791302182,0.0,0.009868096822117195,0.0,0.0,0.05575001384427803
Documentation,0.0,0.0,0.0,1.0,0.06833050360894503,0.0,0.049680996974078545,0.0,0.0,0.013473746468888052,0.0,0.0,0.0,0.01746474496424156,0.0,0.0,0.0,0.0,0.0
Basic needs,0.07999953993653498,0.10448131599719128,0.09865126558384038,0.06833050360894503,1.0,0.4702094004188524,0.5129156198081826,0.14239658000773356,0.1428314512534054,0.2002720897547299,0.1590237344938958,0.15842287569959282,0.05275591089707246,0.08168255027880315,0.0,0.0,0.0,0.013774029594508314,0.12034239790504926
Housing,0.0226911814418103,0.06195541308842644,0.07422785004416753,0.0,0.4702094004188524,1.0,0.2578730205252054,0.07196344396615487,0.09688602605082627,0.1408467271144057,0.13341903867322724,0.13161136154487543,0.06468505727892297,0.136135982079008,0.04579083082050605,0.07201100232441937,0.0,0.0,0.12326474369531867
Negative coping,0.1350913894235776,0.06205567894067124,0.09761496138911988,0.049680996974078545,0.5129156198081826,0.2578730205252054,1.0,0.2779765204718801,0.14485785431838125,0.17053017355954955,0.1461535550946363,0.156144014770905,0.06107062628042181,0.12126778628995304,0.0,0.02936917407991563,0.02121834725894555,0.0,0.08486359208281839
Dependency,0.31834400843361926,0.07491538908050925,0.091720276737098,0.0,0.14239658000773356,0.07196344396615487,0.2779765204718801,1.0,0.0682435911530022,0.12444155230950002,0.10033400509701301,0.1183227006221253,0.07299300814095824,0.12343506152448382,0.0,0.0,0.0,0.02856974043606531,0.034474082938268175
Household size,0.07524668401225557,0.024987144488397943,0.07610718970542654,0.0,0.1428314512534054,0.09688602605082627,0.14485785431838125,0.0682435911530022,1.0,0.6007188111120422,0.7179500079414964,0.7436988765795899,0.0,0.010695649045249413,0.0,0.046081844980994005,0.0,0.0,0.039025879530787
Dependency category,0.13322504623696443,0.08848481830075106,0.13340383415723558,0.013473746468888052,0.2002720897547299,0.1408467271144057,0.17053017355954955,0.12444155230950002,0.6007188111120422,1.0,0.5852665013891489,0.6245152294877296,0.03967687255274306,0.0,0.011766362423242792,0.06498359069399222,0.0,0.019176693452230543,0.10494911202789206
Sex of household head,0.11594253126536926,0.05369762628607398,0.11266615076147422,0.0,0.1590237344938958,0.13341903867322724,0.1461535550946363,0.10033400509701301,0.7179500079414964,0.5852665013891489,1.0,0.8119093218704715,0.08574202723751455,0.0,0.043028985679004886,0.035447516721983895,0.04607135360325208,0.0,0.07321510417776679
Sole carer,0.12605153226515842,0.07130385516140603,0.1153241342804749,0.0,0.15842287569959282,0.13161136154487543,0.156144014770905,0.1183227006221253,0.7436988765795899,0.6245152294877296,0.8119093218704715,1.0,0.06537066590620698,0.07836130474993382,0.03700840318529104,0.033356744750086216,0.0486645071104898,0.0,0.059005266729682725
Speaks Spanish,0.0,0.0,0.036218227244264836,0.0,0.05275591089707246,0.06468505727892297,0.06107062628042181,0.07299300814095824,0.0,0.03967687255274306,0.08574202723751455,0.06537066590620698,1.0,0.2267790786677343,0.11107700698215603,0.028936907269839378,0.0,0.0,0.08088839713899437
Adult illiteracy,0.10984343844972837,0.06984783118566495,0.1452594791302182,0.01746474496424156,0.08168255027880315,0.136135982079008,0.12126778628995304,0.12343506152448382,0.010695649045249413,0.0,0.0,0.07836130474993382,0.2267790786677343,1.0,0.07864901767769628,0.015852104654225305,0.0,0.07042269155228767,0.08818942930245581
Asylum procedure flag,0.0,0.024727150786149493,0.0,0.0,0.0,0.04579083082050605,0.0,0.0,0.0,0.011766362423242792,0.043028985679004886,0.03700840318529104,0.11107700698215603,0.07864901767769628,1.0,0.0,0.044744529791468673,0.0,0.09518579936276515
Intentions flag,0.03061769693046932,0.0,0.009868096822117195,0.0,0.0,0.07201100232441937,0.02936917407991563,0.0,0.046081844980994005,0.06498359069399222,0.035447516721983895,0.033356744750086216,0.028936907269839378,0.015852104654225305,0.0,1.0,0.0,0.0,0.06493473693863304
Duplicate flag,0.0,0.0,0.0,0.0,0.0,0.0,0.02121834725894555,0.0,0.0,0.0,0.04607135360325208,0.0486645071104898,0.0,0.0,0.044744529791468673,0.0,1.0,0.04908000011920514,0.03782176984860297
Month,0.0,0.0,0.0,0.0,0.013774029594508314,0.0,0.0,0.02856974043606531,0.0,0.019176693452230543,0.0,0.0,0.0,0.07042269155228767,0.0,0.0,0.04908000011920514,1.0,0.0
UNHCR field office,0.0312881510756272,0.03067661598710906,0.05575001384427803,0.0,0.12034239790504926,0.12326474369531867,0.08486359208281839,0.034474082938268175,0.039025879530787,0.10494911202789206,0.07321510417776679,0.059005266729682725,0.08088839713899437,0.08818942930245581,0.09518579936276515,0.06493473693863304,0.03782176984860297,0.0,1.0
