first_input,second_input,cramers_v
Sex of household head,Sole carer,0.8119093218704715
Household size,Sole carer,0.7436988765795899
Household size,Sex of household head,0.7179500079414964
Dependency category,Sole carer,0.6245152294877296
Household size,Dependency category,0.6007188111120422
Dependency category,Sex of household head,0.5852665013891489
Basic needs,Negative coping,0.5129156198081826
Basic needs,Housing,0.4702094004188524
Head of household,Dependency,0.31834400843361926
Head of household,Specific needs,0.2901911159223386
