column,statistic,documented,observed,match
Final score,min,0.0,0.0,True
Final score,max,81.1,81.12680245961062,True
Final score,mean,27.7,27.742527317685948,True
Demographics score,min,0.0,0.0,True
Demographics score,max,43.8,43.80517382,True
Demographics score,mean,8.1,8.072325695242105,True
Needs and coping score,min,0.0,0.0,True
Needs and coping score,max,50.0,50.0,True
Needs and coping score,mean,20.1,20.05584319924,True
Vulnerability index,min,2.0,2.0,True
Vulnerability index,max,4.34,4.339523636,True
Vulnerability index,mean,2.8,2.800035264941579,True
