breakdown,group,n,share,small_group
Month,2023-06,84,0.04421052631578947,False
Month,2023-07,160,0.08421052631578947,False
Month,2023-08,166,0.08736842105263158,False
Month,2023-09,121,0.06368421052631579,False
Month,2023-10,138,0.07263157894736842,False
Month,2023-11,112,0.05894736842105263,False
Month,2023-12,101,0.053157894736842105,False
Month,2024-01,172,0.09052631578947369,False
Month,2024-02,175,0.09210526315789473,False
Month,2024-03,134,0.07052631578947369,False
Month,2024-04,174,0.09157894736842105,False
Month,2024-05,187,0.09842105263157895,False
Month,2024-06,146,0.07684210526315789,False
Month,2024-07,30,0.015789473684210527,False
UNHCR field office,sotap,1278,0.6726315789473685,False
UNHCR field office,fupal,190,0.1,False
UNHCR field office,foten,186,0.09789473684210526,False
UNHCR field office,pcr_cdmx,127,0.0668421052631579,False
UNHCR field office,futij,47,0.024736842105263158,False
UNHCR field office,fomon,36,0.018947368421052633,False
UNHCR field office,fusal,15,0.007894736842105263,True
UNHCR field office,Blank,21,0.011052631578947368,True
