column,english_name,group,phase_2_role,reason
Demographics.HH.Head,Head of household,Scorecard factor score,"Input, feature set A",The final score is an exact function of these eight
Demographics.Language,Language barrier,Scorecard factor score,"Input, feature set A",The final score is an exact function of these eight
Demographics.Profiles,Specific needs,Scorecard factor score,"Input, feature set A",The final score is an exact function of these eight
Demographics.Documentation,Documentation,Scorecard factor score,"Input, feature set A",The final score is an exact function of these eight
Needs_and_Coping.BasicNeeds,Basic needs,Scorecard factor score,"Input, feature set A",The final score is an exact function of these eight
Needs_and_Coping.Housing,Housing,Scorecard factor score,"Input, feature set A",The final score is an exact function of these eight
Needs_and_Coping.Neg.mechanism,Negative coping,Scorecard factor score,"Input, feature set A",The final score is an exact function of these eight
Needs_and_Coping.Dependency,Dependency,Scorecard factor score,"Input, feature set A",The final score is an exact function of these eight
NumIntegrantes,Household size,Household attribute,"Candidate input, feature set B",Not in the score formula; weakly associated with the factors
dependencyCategory,Dependency category,Household attribute,"Candidate input, feature set B",Not in the score formula; weakly associated with the factors
FemaleHeadedHousehold,Sex of household head,Household attribute,"Candidate input, feature set B",Not in the score formula; weakly associated with the factors
CuidadorSolo,Sole carer,Household attribute,"Candidate input, feature set B",Not in the score formula; weakly associated with the factors
HablaEspanol,Speaks Spanish,Household attribute,"Candidate input, feature set B",Not in the score formula; weakly associated with the factors
Analfabeta_si,Adult illiteracy,Household attribute,"Candidate input, feature set B",Not in the score formula; weakly associated with the factors
ScoreCOMAR_PIL,Asylum procedure flag,Administrative flag,Excluded from the score model,Not in the score formula
ScoreIntenciones,Intentions flag,Administrative flag,Excluded from the score model,Not in the score formula
ScoreDuplicidad,Duplicate flag,Administrative flag,Excluded from the score model,Not in the score formula
month,Month,Interview record,Excluded from the score model,Where and when an interview took place should not determine need
OficinaACNUR,UNHCR field office,Interview record,Excluded from the score model,Where and when an interview took place should not determine need
FinalScore,Final score,Aggregated score,"Excluded, leakage",Computed from the factor scores
Demographics_Score,Demographics score,Aggregated score,"Excluded, leakage",Computed from the factor scores
NeedsandCoping_Score,Needs and coping score,Aggregated score,"Excluded, leakage",Computed from the factor scores
Vulnerability_Score,Vulnerability index,Aggregated score,"Excluded, leakage",Computed from the factor scores
Vulnerability_Category,Vulnerability category,Aggregated score,"Excluded, leakage",Computed from the factor scores
EligibilityTarget,Eligibility target,Outcome,"Excluded, outcome",Never a model input
Elegibilidad,Eligibility status,Outcome,"Excluded, outcome",Never a model input
