candidate,fold,r2,mae,rmse,max_abs_error,category_accuracy
Recovered formula,0,0.9999999999998349,5.0280764156864015e-06,5.988923176677219e-06,1.4591310886657993e-05,1.0
Linear,0,0.9944320589814326,0.789870325316957,1.0999917367967607,4.696308134410344,0.9736842105263158
Linear in log factors,0,0.9928213586839569,0.9934526180259553,1.2490022960499292,5.2550821904057585,0.9243421052631579
Linear with block interactions,0,0.9971310351024523,0.6081410160969282,0.7895956134160097,3.1458874425453445,0.9375
Ridge with interactions and attributes,0,0.997043051639199,0.619251550803025,0.8016115752461827,3.101336693613412,0.9375
LightGBM,0,0.9978601047941889,0.3687405264828294,0.681927748097956,4.047754817543158,0.9835526315789473
LightGBM with attributes,0,0.9978136675598386,0.40049842617860654,0.6892871925112124,4.948699422473872,0.9572368421052632
Recovered formula,1,0.9999999999998457,4.904349434348436e-06,5.874403318116937e-06,1.4591310886657993e-05,0.993421052631579
Linear,1,0.9923564393563875,0.8909198534115977,1.3072480873874999,6.384936694805226,0.9473684210526315
Linear in log factors,1,0.9915279179723576,1.0266315424842598,1.3762750389755773,6.5101339915689636,0.9013157894736842
Linear with block interactions,1,0.9966457496539334,0.6628409775034695,0.8659800636409241,2.558671473028383,0.9407894736842105
Ridge with interactions and attributes,1,0.9966192006099687,0.6686438866851233,0.8694004446473593,2.491396061509306,0.9375
LightGBM,1,0.9965816061774151,0.42000036579612615,0.8742209399260662,6.9950440649268515,0.9868421052631579
LightGBM with attributes,1,0.9961071577064078,0.4688889676859676,0.932918192733486,6.701360727278605,0.9868421052631579
Recovered formula,2,0.999999999999832,4.985800978521561e-06,5.9763878731668295e-06,1.5439257857963185e-05,0.9967105263157895
Linear,2,0.9943050689048661,0.811060688282688,1.1004567508689689,4.141339921843475,0.9638157894736842
Linear in log factors,2,0.9921221980624898,0.9980391878234581,1.2942890320273912,4.9926192133866465,0.9177631578947368
Linear with block interactions,2,0.9970537230412259,0.6149336503837816,0.7915266227383735,2.7365074602490935,0.9407894736842105
Ridge with interactions and attributes,2,0.9970498942005093,0.6167896001642219,0.7920407708357442,2.7083169236741895,0.9407894736842105
LightGBM,2,0.9982497201449921,0.3159163323864767,0.6100739613881723,4.4375240784546435,0.9769736842105263
LightGBM with attributes,2,0.9977774683720446,0.3569712608016769,0.6874683632554308,4.718345800518257,0.9802631578947368
Recovered formula,3,0.9999999999998623,4.6615396465055815e-06,5.6999027419380915e-06,1.4591310886657993e-05,0.9967105263157895
Linear,3,0.9943786318210537,0.8261795202734682,1.1517054354285368,4.827722989774088,0.9473684210526315
Linear in log factors,3,0.9919259380873822,1.063966731455516,1.3802775956315942,5.321217883835899,0.9078947368421053
Linear with block interactions,3,0.9971895389267538,0.6131608776903099,0.8143464138782339,2.607867197698326,0.9342105263157895
Ridge with interactions and attributes,3,0.997231742788253,0.6094543501710905,0.8082088859144732,2.603293544173198,0.930921052631579
LightGBM,3,0.9969771809977755,0.4434225380135437,0.8445521519145969,6.4596464478903215,0.9572368421052632
LightGBM with attributes,3,0.9966567620492662,0.47430395530350394,0.8881862489034053,7.194419268207838,0.9539473684210527
Recovered formula,4,0.9999999999998502,4.947900980374401e-06,5.847408955887404e-06,1.4216444284897989e-05,0.9868421052631579
Linear,4,0.9934779397926247,0.8642094447974854,1.2201094098654894,6.5036700492115,0.9506578947368421
Linear in log factors,4,0.9915676150942522,1.0363406404682878,1.3873357760799117,5.181588679094979,0.9111842105263158
Linear with block interactions,4,0.9970714917111505,0.6422140763831022,0.8175787660377003,2.554520095492741,0.9375
Ridge with interactions and attributes,4,0.9971004258261303,0.6430259411453295,0.813529837852477,2.4985613826790036,0.9375
LightGBM,4,0.9972129183614042,0.41612693312473753,0.7975927907309197,4.698987619567156,0.9671052631578947
LightGBM with attributes,4,0.9967204496245796,0.4777179814100774,0.8651940575119984,4.7494857243422075,0.9736842105263158
Recovered formula,5,0.9999999999998577,4.6891561108771214e-06,5.727013936146888e-06,1.5439257857963185e-05,1.0
Linear,5,0.9942665207931293,0.8285818271365302,1.1492404899606252,4.130639118473994,0.9605263157894737
Linear in log factors,5,0.9906623061044302,1.1371944456469079,1.4666335456353652,5.188656069934396,0.8947368421052632
Linear with block interactions,5,0.9971882950585308,0.6182958208583738,0.8047975947878405,2.409458490763953,0.9375
Ridge with interactions and attributes,5,0.9971767200140811,0.6237725613371481,0.806452462631175,2.477383794122737,0.9375
LightGBM,5,0.9981474218595778,0.34940726302292896,0.6532660149424421,3.8027225008549834,0.9802631578947368
LightGBM with attributes,5,0.9977679919667409,0.3989851093125676,0.7170503867474333,4.806271839245241,0.9802631578947368
Recovered formula,6,0.9999999999998287,5.141131964785216e-06,6.078276260566396e-06,1.4591310886657993e-05,0.993421052631579
Linear,6,0.994809936951806,0.7635526036509439,1.0579526529984713,4.008658385946799,0.9671052631578947
Linear in log factors,6,0.9925105085649263,0.9791354179350016,1.2708844894818736,5.0243432788522995,0.9078947368421053
Linear with block interactions,6,0.996832475638221,0.6380403449455594,0.8264943652347242,2.76774753723916,0.9473684210526315
Ridge with interactions and attributes,6,0.9968620966635772,0.6363398710806019,0.8226208173580339,2.633028315309602,0.9473684210526315
LightGBM,6,0.9972164837460147,0.34988760904651417,0.7747771359278743,5.337276557517207,0.9736842105263158
LightGBM with attributes,6,0.9966297436325727,0.4082326586277116,0.8525333638597358,5.608486678316076,0.9703947368421053
Recovered formula,7,0.999999999999862,4.725594879199277e-06,5.653335389394516e-06,1.4216444284897989e-05,1.0
Linear,7,0.9937296653437625,0.8637115572197617,1.2048308932976208,4.765540864567299,0.9572368421052632
Linear in log factors,7,0.9928669376671609,1.0056335597702757,1.2850462074796323,5.245324462177081,0.9144736842105263
Linear with block interactions,7,0.996616982949239,0.6757769949927429,0.8849787202572392,2.5558039827544263,0.9407894736842105
Ridge with interactions and attributes,7,0.9966165570123813,0.6792340522959858,0.8850344298776132,2.514085561125839,0.9342105263157895
LightGBM,7,0.9972644958043364,0.4430580823818006,0.795791740444735,4.479491231364676,0.9868421052631579
LightGBM with attributes,7,0.996749657875788,0.49966129176216745,0.8674516407625024,5.271766731620758,0.9605263157894737
Recovered formula,8,0.9999999999998291,5.148438813449351e-06,6.171966513652587e-06,1.4591310886657993e-05,0.9901315789473685
Linear,8,0.992956824103573,0.841475619115107,1.2532432249006384,6.135853091513759,0.9473684210526315
Linear in log factors,8,0.9911140570807131,1.0496004419764318,1.4076764910931627,6.807338642610716,0.9177631578947368
Linear with block interactions,8,0.9971327138417592,0.6148442763609033,0.799625466793098,3.096011460217902,0.9177631578947368
Ridge with interactions and attributes,8,0.9971421649985491,0.6123141459860552,0.7983065151439526,3.0690503869119965,0.9177631578947368
LightGBM,8,0.9966041957797808,0.421113717951166,0.8702066945681644,6.598535730005054,0.9736842105263158
LightGBM with attributes,8,0.9953838890919812,0.5152821139004923,1.0145868182161233,7.487096912437181,0.9407894736842105
Recovered formula,9,0.9999999999998477,4.8233456871254145e-06,5.742526215901061e-06,1.4591310886657993e-05,0.9901315789473685
Linear,9,0.9930252672185537,0.8883072541672059,1.228794186630036,6.588153803834551,0.9572368421052632
Linear in log factors,9,0.9924376229786965,0.9676580470263731,1.2795124734000587,5.086303260072416,0.9243421052631579
Linear with block interactions,9,0.9970449551082009,0.6317744509272514,0.7998294717960783,2.439682943843991,0.9473684210526315
Ridge with interactions and attributes,9,0.9970601364895357,0.6320580669814889,0.7977722861649585,2.5282050527159114,0.944078947368421
LightGBM,9,0.9976299889139203,0.3857749495795419,0.7162927411942277,4.565819607149656,0.9835526315789473
LightGBM with attributes,9,0.9977440142388757,0.4184448693588309,0.6988493064005126,3.8515257208040126,0.9835526315789473
Recovered formula,10,0.9999999999998431,4.9599650801916695e-06,5.958303609365269e-06,1.4591310886657993e-05,0.9901315789473685
Linear,10,0.9920193491856978,0.9014165145100032,1.3440351956355394,6.538070568552634,0.9342105263157895
Linear in log factors,10,0.9905728100911364,1.0862484499021796,1.460772602851586,5.315819360049844,0.8980263157894737
Linear with block interactions,10,0.9971438845126724,0.6090903760136696,0.8040431736138953,2.8585515291779444,0.9539473684210527
Ridge with interactions and attributes,10,0.9971710790213174,0.605305572398711,0.8002061690099267,2.820049922867941,0.9539473684210527
LightGBM,10,0.9973191578416848,0.41092624654666443,0.7789814381004687,3.7417986005888544,0.9703947368421053
LightGBM with attributes,10,0.9967994465971871,0.4813967546208054,0.8511459284640437,4.559163262003217,0.9671052631578947
Recovered formula,11,0.9999999999998451,4.759001868394889e-06,5.751578363254825e-06,1.2583744762650895e-05,0.9967105263157895
Linear,11,0.9940200418609711,0.7702372753579503,1.130307231251459,6.431562840673692,0.9638157894736842
Linear in log factors,11,0.9926746576930184,0.974200571283322,1.2510117707524944,6.279700110825445,0.9144736842105263
Linear with block interactions,11,0.9970589590156869,0.6024278259183656,0.7926801308850754,2.757646349791422,0.9473684210526315
Ridge with interactions and attributes,11,0.9970313350095001,0.6043501529780094,0.7963940919630427,2.7632515996908253,0.9473684210526315
LightGBM,11,0.9969255854235176,0.3649958656444754,0.810454521286421,6.823667001948728,0.9769736842105263
LightGBM with attributes,11,0.9961822209575626,0.43032101349681334,0.9031353238111947,6.893356678131262,0.9671052631578947
Recovered formula,12,0.9999999999998429,4.725058884403216e-06,5.684271750937097e-06,1.4591310886657993e-05,0.9967105263157895
Linear,12,0.9936423709555173,0.846078002149496,1.1433404389787662,3.991563010240224,0.9572368421052632
Linear in log factors,12,0.9916922752474205,1.0002753559570863,1.3069802411556046,5.1824399760484,0.9243421052631579
Linear with block interactions,12,0.9967417029481793,0.6245481109717536,0.818508719147781,2.6800371076061538,0.9407894736842105
Ridge with interactions and attributes,12,0.9967744504475468,0.6226498719614814,0.8143851228987337,2.653640498631958,0.9407894736842105
LightGBM,12,0.9979547538468005,0.35265411933531143,0.648486238845166,3.8243236908021885,0.9638157894736842
LightGBM with attributes,12,0.9976241636087444,0.3779504773926473,0.6989341126772354,4.1743187860350375,0.9736842105263158
Recovered formula,13,0.9999999999998623,4.9925612560420886e-06,5.918869948466034e-06,1.239624870663647e-05,0.993421052631579
Linear,13,0.9947813359974381,0.8593091335973744,1.1522366283720071,4.7890710667294485,0.9572368421052632
Linear in log factors,13,0.9923966193756893,1.0670765941142197,1.390802218085545,5.335145408675359,0.9243421052631579
Linear with block interactions,13,0.9971401386599326,0.6672061512404606,0.852971454286896,2.466471781142843,0.9276315789473685
Ridge with interactions and attributes,13,0.9970692831147511,0.6774070287583068,0.8634733576379651,2.4619937112747223,0.9243421052631579
LightGBM,13,0.995599035321931,0.48506416905771543,1.0581225021272653,6.5251371192625385,0.9572368421052632
LightGBM with attributes,13,0.9951122530625218,0.5327842954877874,1.1151065450573732,7.535743035414633,0.9638157894736842
Recovered formula,14,0.9999999999998271,5.091080366404517e-06,6.070264208428981e-06,1.5439257857963185e-05,0.9967105263157895
Linear,14,0.9942329041641563,0.7972648382997474,1.1087795257023583,4.654666296909639,0.9671052631578947
Linear in log factors,14,0.9921872918610283,1.005876911358017,1.2905279471709874,5.107849321702048,0.9078947368421053
Linear with block interactions,14,0.9967403045111162,0.6595146238599984,0.8335950543541069,3.113780991068026,0.9243421052631579
Ridge with interactions and attributes,14,0.9967287756121624,0.666854102241451,0.835067883737377,3.0842087951024624,0.9276315789473685
LightGBM,14,0.9976161234537306,0.35727468481604835,0.7128669724089421,4.576262198600126,0.9276315789473685
LightGBM with attributes,14,0.9968706055072795,0.4502412358572762,0.8167643445356455,5.515960919949748,0.9210526315789473
Recovered formula,15,0.9999999999998199,5.00323568205186e-06,5.978293926350824e-06,1.4591310886657993e-05,0.993421052631579
Linear,15,0.9925944534085409,0.8355815077072546,1.2121881483380814,6.48305835012691,0.9506578947368421
Linear in log factors,15,0.9919862086355002,0.9776554116678193,1.2609866537742898,5.14440093260535,0.9013157894736842
Linear with block interactions,15,0.9960874638580868,0.6780024442784638,0.8810907774703435,3.219075601809088,0.930921052631579
Ridge with interactions and attributes,15,0.9960649576948595,0.6827622272380593,0.8836213020165868,3.2005671903027206,0.930921052631579
LightGBM,15,0.997885833478316,0.3283200138770453,0.647680870140509,5.432691935469116,0.9835526315789473
LightGBM with attributes,15,0.9975497371119075,0.37743635780301094,0.6972649189329655,4.776412925436588,0.9802631578947368
Recovered formula,16,0.9999999999998468,4.9335030029668576e-06,5.878358605206885e-06,1.4591310886657993e-05,0.993421052631579
Linear,16,0.9942894713407049,0.8397555749866201,1.1348237987682819,4.896975372578169,0.9539473684210527
Linear in log factors,16,0.9924611252271515,0.9894063666460817,1.3038977680073054,5.39227932415713,0.9111842105263158
Linear with block interactions,16,0.9970637045342444,0.6445741983238391,0.8137484127403615,2.378825318197549,0.9407894736842105
Ridge with interactions and attributes,16,0.997117304227818,0.6401488527868088,0.806287046792713,2.4174916794918673,0.9407894736842105
LightGBM,16,0.9958008978003011,0.4517767924798592,0.9731247080939812,5.414101323332069,0.9736842105263158
LightGBM with attributes,16,0.9948961991250531,0.4874616694109413,1.0728453871565193,6.731848050513975,0.9736842105263158
Recovered formula,17,0.9999999999998651,4.939657871034553e-06,6.014076828085071e-06,1.4591310886657993e-05,1.0
Linear,17,0.995056466562525,0.8176518947039199,1.1510997407033936,6.2914169608860675,0.9539473684210527
Linear in log factors,17,0.9920523335261802,1.1161805507755156,1.4595333899092824,5.358530474572376,0.9046052631578947
Linear with block interactions,17,0.9980380290169233,0.5634887701691318,0.7251711335801476,2.5090332734530563,0.9473684210526315
Ridge with interactions and attributes,17,0.9979854314085731,0.5732412342433983,0.7348272403894863,2.4634745920533163,0.9473684210526315
LightGBM,17,0.9975474285791166,0.40098776320294616,0.8107837758943544,5.552529271125657,0.9802631578947368
LightGBM with attributes,17,0.9971034546741617,0.44688364225021077,0.8811186271949791,6.587025219846289,0.944078947368421
Recovered formula,18,0.9999999999998207,4.891638823558303e-06,5.708526381739206e-06,1.239624870663647e-05,1.0
Linear,18,0.9935460387483679,0.782518551259737,1.083063817630419,4.0391902154797314,0.9868421052631579
Linear in log factors,18,0.9924412061185368,0.9419804165183019,1.1721066286172594,4.928669889343013,0.9342105263157895
Linear with block interactions,18,0.9964950451659642,0.6090874034028968,0.7981455259628444,2.3910619203220946,0.9506578947368421
Ridge with interactions and attributes,18,0.996446079278899,0.6119449495534015,0.8037014250484621,2.4737871399730693,0.9473684210526315
LightGBM,18,0.9958081033946667,0.4422385172003495,0.872863134979021,6.861973696645364,0.9835526315789473
LightGBM with attributes,18,0.9952890124443325,0.48923274179338744,0.9253304399914091,7.575094195718542,0.9703947368421053
Recovered formula,19,0.999999999999861,4.759632075824807e-06,5.807117893512296e-06,1.5439257857963185e-05,0.9868421052631579
Linear,19,0.9929488069455894,0.9123187681251151,1.3077978554719534,6.376355242218743,0.9407894736842105
Linear in log factors,19,0.9907467425894351,1.1236708959626385,1.4981546273792115,6.569021123478649,0.9111842105263158
Linear with block interactions,19,0.9968622134316882,0.6644355120743362,0.8724107692853874,2.674306192477623,0.9243421052631579
Ridge with interactions and attributes,19,0.9968726627256345,0.6681133925301688,0.8709569293721098,2.6236457807450257,0.9243421052631579
LightGBM,19,0.997091625021083,0.42425189101362976,0.8399134154206579,5.488616067649573,0.9736842105263158
LightGBM with attributes,19,0.9968730308336013,0.4424434128047949,0.8709056692118905,6.113242776997765,0.9572368421052632
Recovered formula,20,0.9999999999998479,4.900428565114069e-06,5.828035846890397e-06,1.4216444284897989e-05,0.993421052631579
Linear,20,0.9923462877048479,0.8864377352753098,1.3071687612323326,6.645003251133815,0.9407894736842105
Linear in log factors,20,0.9904085342873004,1.0584038271684815,1.4633158724030713,6.53118687728653,0.9210526315789473
Linear with block interactions,20,0.997304644723322,0.6056971356605066,0.7757175248097888,2.263072115694456,0.9177631578947368
Ridge with interactions and attributes,20,0.9973082235285826,0.6076979245115579,0.7752023674736478,2.276431762314999,0.9144736842105263
LightGBM,20,0.9973614074486133,0.38941978943035105,0.7675059661204021,5.8668656712232305,0.9407894736842105
LightGBM with attributes,20,0.9967654963832698,0.4308797508883492,0.8497661253299645,5.280937688150175,0.9638157894736842
Recovered formula,21,0.9999999999998568,4.912790201856078e-06,5.928817348207762e-06,1.5439257857963185e-05,0.9835526315789473
Linear,21,0.9940993281980195,0.8757772216557362,1.2032268847600143,4.976995145518828,0.9342105263157895
Linear in log factors,21,0.9928311072709278,1.0097880017407177,1.3262421865675946,5.579459366950076,0.8947368421052632
Linear with block interactions,21,0.9970401129952224,0.656532857542466,0.8521859374939288,3.3056316090223774,0.9243421052631579
Ridge with interactions and attributes,21,0.9970297503033544,0.6562845642758784,0.8536764039197967,3.2724129141505642,0.9243421052631579
LightGBM,21,0.9980802215914045,0.38615893913557137,0.6863131952200288,4.4398288280705955,0.9769736842105263
LightGBM with attributes,21,0.9977707804631974,0.43849549800035664,0.7395596659688296,4.406341226346662,0.9736842105263158
Recovered formula,22,0.9999999999998488,4.699799948044031e-06,5.587998185725885e-06,1.4216444284897989e-05,1.0
Linear,22,0.9940418537699782,0.7818256223654053,1.109071384358399,4.537617122185765,0.9736842105263158
Linear in log factors,22,0.9916104149378269,1.0407771044195209,1.3160553710662026,4.962252234565582,0.9177631578947368
Linear with block interactions,22,0.9968555458604148,0.6264325325062682,0.8057059181056638,2.855782671473051,0.9473684210526315
Ridge with interactions and attributes,22,0.9968392016253746,0.6258916568957925,0.80779715217272,2.81669148001491,0.9473684210526315
LightGBM,22,0.9979293352693271,0.3519265150401967,0.653820922789148,4.06604513672686,0.9802631578947368
LightGBM with attributes,22,0.997683642887014,0.4002566207725481,0.6915230788569187,4.108932726600099,0.9736842105263158
Recovered formula,23,0.9999999999998204,5.229074797007638e-06,6.23302841303288e-06,1.4591310886657993e-05,1.0
Linear,23,0.993740638364409,0.8655416157319274,1.1635888542273667,3.8204719490750385,0.9671052631578947
Linear in log factors,23,0.9919415157435243,1.0380724651918636,1.3202653078185793,5.0118835632982695,0.9144736842105263
Linear with block interactions,23,0.9965583345458005,0.6692500097081902,0.8628173251315925,2.5367957340492637,0.944078947368421
Ridge with interactions and attributes,23,0.9965727720464844,0.6647837810011158,0.8610056997277041,2.4964865677194155,0.9375
LightGBM,23,0.9969995072270226,0.3942592075858653,0.8056210832378088,5.367591236385088,0.9703947368421053
LightGBM with attributes,23,0.9968026137987237,0.4183045839855409,0.8316336983421929,5.17642176060459,0.9671052631578947
Recovered formula,24,0.9999999999998492,4.785573943414565e-06,5.794900001995395e-06,1.4591310886657993e-05,0.9967105263157895
Linear,24,0.9943060495065933,0.78035664947672,1.1263289112871173,6.381825027514779,0.9671052631578947
Linear in log factors,24,0.9925550984121119,0.9867161616227698,1.2879169806673478,5.122798954687525,0.9111842105263158
Linear with block interactions,24,0.9971007812899276,0.6082103311144424,0.8037090857218127,2.613830018093225,0.9671052631578947
Ridge with interactions and attributes,24,0.9970985150555831,0.6150882725183001,0.8040231422870174,2.553546589287137,0.9638157894736842
LightGBM,24,0.9970835496544559,0.3729511277570956,0.8060939876444547,7.2054627846621315,0.9835526315789473
LightGBM with attributes,24,0.996307498597608,0.42836082878104625,0.9070238837362841,7.452269029234685,0.9769736842105263
