block,factor,level,households_at_level,block_score_alone,final_score_alone
Demographics,Head of household,1.599560907,35,4.186184624381727,4.320898821070549
Demographics,Head of household,2.070141643,282,6.702282231339485,6.917966117214448
Demographics,Head of household,2.700708215,322,9.47208835496357,9.77690643830191
Demographics,Language barrier,1.525552408,175,3.7413697484983635,3.8617695075651914
Demographics,Language barrier,2.051104816,196,6.609317355941718,6.822009570489873
Demographics,Specific needs,1.249197356,86,1.9217130183224047,1.9835550173641912
Demographics,Specific needs,2.578385269,490,8.975915298657272,9.264766204076695
Demographics,Specific needs,3.251728045,191,11.518329685465629,11.888997171495033
Demographics,Documentation,1.564135978,59,3.9752399857743677,4.103165844134698
Demographics,Documentation,2.128271955,3,6.982245267215715,7.20693854920307
Needs and coping,Basic needs,1.776038647,1379,5.532745347248361,5.354697933716418
Needs and coping,Housing,1.498900966,350,3.815111518813476,3.6923387006864754
Needs and coping,Housing,2.117608696,471,7.392265485733437,7.15437748126727
Needs and coping,Housing,2.823478261,648,10.615321353313613,10.273713274115101
Needs and coping,Negative coping,1.790108696,953,5.61442291407791,5.4337470622924595
Needs and coping,Negative coping,2.580217391,617,9.580889351785398,9.272569980233346
Needs and coping,Dependency,1.043888889,579,0.38682149932012455,0.3743733270060396
Needs and coping,Dependency,1.738466184,44,5.312230629643335,5.141279525927052
Needs and coping,Dependency,2.544987923,81,9.425084029834965,9.12177857684354
