variable,level,n,share
Head of household,1.00,1261,0.6636842105263158
Head of household,1.60,35,0.018421052631578946
Head of household,2.07,282,0.14842105263157895
Head of household,2.70,322,0.1694736842105263
Language barrier,1.00,1529,0.8047368421052632
Language barrier,1.53,175,0.09210526315789473
Language barrier,2.05,196,0.1031578947368421
Specific needs,1.00,1133,0.5963157894736842
Specific needs,1.25,86,0.045263157894736845
Specific needs,2.58,490,0.2578947368421053
Specific needs,3.25,191,0.10052631578947369
Documentation,1.00,1838,0.9673684210526315
Documentation,1.56,59,0.03105263157894737
Documentation,2.13,3,0.0015789473684210526
Basic needs,1.00,521,0.27421052631578946
Basic needs,1.78,1379,0.7257894736842105
Housing,1.00,431,0.2268421052631579
Housing,1.50,350,0.18421052631578946
Housing,2.12,471,0.24789473684210525
Housing,2.82,648,0.3410526315789474
Negative coping,1.00,330,0.1736842105263158
Negative coping,1.79,953,0.501578947368421
Negative coping,2.58,617,0.32473684210526316
Dependency,1.00,1196,0.6294736842105263
Dependency,1.04,579,0.30473684210526314
Dependency,1.74,44,0.023157894736842106
Dependency,2.54,81,0.04263157894736842
Dependency category,Low,1148,0.6042105263157894
Dependency category,Average,610,0.32105263157894737
Dependency category,High,48,0.02526315789473684
Dependency category,Complete,94,0.049473684210526316
Sex of household head,Female-headed,484,0.25473684210526315
Sex of household head,Male-headed,491,0.25842105263157894
Sex of household head,Not applicable,925,0.4868421052631579
Sole carer,Yes,373,0.19631578947368422
Sole carer,No,602,0.31684210526315787
Sole carer,Not applicable,925,0.4868421052631579
Speaks Spanish,One or more adults,1622,0.8536842105263158
Speaks Spanish,No adult,278,0.1463157894736842
Adult illiteracy,No adult,1664,0.8757894736842106
Adult illiteracy,One or more adults,236,0.12421052631578948
Asylum procedure flag,-500,155,0.08157894736842106
Asylum procedure flag,0,771,0.40578947368421053
Asylum procedure flag,+500,14,0.007368421052631579
Asylum procedure flag,Not applicable,960,0.5052631578947369
Intentions flag,-500,56,0.029473684210526315
Intentions flag,0,1844,0.9705263157894737
Duplicate flag,-500,48,0.02526315789473684
Duplicate flag,0,1852,0.9747368421052631
Month,2023-06,84,0.04421052631578947
Month,2023-07,160,0.08421052631578947
Month,2023-08,166,0.08736842105263158
Month,2023-09,121,0.06368421052631579
Month,2023-10,138,0.07263157894736842
Month,2023-11,112,0.05894736842105263
Month,2023-12,101,0.053157894736842105
Month,2024-01,172,0.09052631578947369
Month,2024-02,175,0.09210526315789473
Month,2024-03,134,0.07052631578947369
Month,2024-04,174,0.09157894736842105
Month,2024-05,187,0.09842105263157895
Month,2024-06,146,0.07684210526315789
Month,2024-07,30,0.015789473684210527
UNHCR field office,sotap,1278,0.6726315789473685
UNHCR field office,fupal,190,0.1
UNHCR field office,foten,186,0.09789473684210526
UNHCR field office,pcr_cdmx,127,0.0668421052631579
UNHCR field office,futij,47,0.024736842105263158
UNHCR field office,fomon,36,0.018947368421052633
UNHCR field office,fusal,15,0.007894736842105263
UNHCR field office,Blank,21,0.011052631578947368
Vulnerability category,Low,775,0.40789473684210525
Vulnerability category,Moderate,394,0.2073684210526316
Vulnerability category,High,612,0.32210526315789473
Vulnerability category,Severe,119,0.06263157894736843
Eligibility status,Eligible,414,0.21789473684210525
Eligibility status,"Eligible, accelerated process",13,0.006842105263157895
Eligibility status,Waiting list,451,0.2373684210526316
Eligibility status,Not eligible,932,0.4905263157894737
Eligibility status,"Not eligible, stated intentions",52,0.02736842105263158
Eligibility status,"Not eligible, duplicate registration",38,0.02
Eligibility target,Inclusion,427,0.22473684210526315
Eligibility target,Exclusion,1473,0.7752631578947369
